<?xml version="1.0" encoding="us-ascii"?>
<!-- the root web configuration file -->
<configuration>
    <!--
        Using a location directive with a missing path attribute
        scopes the configuration to the entire machine.  If used in
        conjunction with allowOverride="false", it can be used to
        prevent configuration from being altered on the machine

        Administrators that want to restrict permissions granted to
        web applications should change the default Trust level and ensure
        that overrides are not allowed
    -->
    <system.web>
        <!--
            <anonymousIdentification
                enabled = "false" [true|false]
                cookieName = ".ASPXANONYMOUS" [String]
                cookieTimeout = "100000" [in Minutes][number]
                cookiePath = "/" [String]
                cookieRequireSSL = "false" [true|false]
                cookieSlidingExpiration = "true" [true|false]
                cookieProtection = "Validation" [None | Validation | Encryption | All]
                cookieless = "UseCookies" [UseUri | UseCookies | AutoDetect | UseDeviceProfile]
                domain = "" [String]
            />
        -->
        <anonymousIdentification enabled="false" cookieName=".ASPXANONYMOUS" cookieTimeout="100000" cookiePath="/" cookieRequireSSL="false" cookieSlidingExpiration="true" cookieProtection="Validation" cookieless="UseCookies" />
        <!--
            <authentication
                mode = "Windows" [None | Windows | Passport | Forms]
                >
                <forms
                    name = ".ASPXAUTH" [String]
                    loginUrl = "login.aspx" [String]
                    defaultUrl = "default.aspx" [String]
                    protection = "All" [All | None | Encryption | Validation]
                    timeout = "30" [in Minutes][number]
                    path = "/" [String]
                    requireSSL = "false" [true|false]
                    slidingExpiration = "true" [true|false]
                    enableCrossAppRedirects = "false" [true|false]
                    cookieless = "UseDeviceProfile" [UseUri | UseCookies | AutoDetect | UseDeviceProfile]
                    domain = "" [String]
                    ticketCompatibilityMode = "Framework20" [Framework20 | Framework40]
                    >
                    <credentials
                        passwordFormat = "SHA1" [Clear | SHA1 | MD5]
                        >
                        <user
                            name = "" [String, Required, Collection Key]
                            password = "" [String, Required]
                        />

                    </credentials>
                </forms>
                <passport
                    redirectUrl = "internal" [String]
                />
            </authentication>
        -->
        <authentication mode="Windows">
            <forms name=".ASPXAUTH" loginUrl="login.aspx" defaultUrl="default.aspx" protection="All" timeout="30" path="/" requireSSL="false" slidingExpiration="true" cookieless="UseDeviceProfile" enableCrossAppRedirects="false" ticketCompatibilityMode="Framework20">
                <credentials passwordFormat="SHA1" />
            </forms>
            <passport redirectUrl="internal" />
        </authentication>
        <!--
            <customErrors
                allowNestedErrors = "false" [true|false]
                defaultRedirect = "" [String]
                redirectMode = "ResponseRedirect" [ResponseRedirect | ResponseRewrite]
                mode = "RemoteOnly" [RemoteOnly | On | Off]
                >
                <error
                    statusCode = "" [number, Required, Collection Key]
                    redirect = "" [String, Required]
                />

            </customErrors>
        -->
        <customErrors allowNestedErrors="false" redirectMode="ResponseRedirect" mode="RemoteOnly" />
        <!--
            <deviceFilters
                >
                <filter
                    name = "" [String, Required, Collection Key]
                    type = ""
                    method = "" [String]
                    compare = "" [String]
                    argument = "" [String]
                />

            </deviceFilters>
        -->
        <deviceFilters />
        <!--
            <globalization
                requestEncoding = "utf-8"
                responseEncoding = "utf-8"
                responseHeaderEncoding = "utf-8"
                fileEncoding = ""
                culture = "" [String]
                uiCulture = "" [String]
                enableClientBasedCulture = "false" [true|false]
                resourceProviderFactoryType = "" [String]
                enableBestFitResponseEncoding = "false" [true|false]
            />
        -->
        <globalization requestEncoding="utf-8" responseEncoding="utf-8" fileEncoding="" culture="" uiCulture="" enableClientBasedCulture="false" responseHeaderEncoding="utf-8" resourceProviderFactoryType="" enableBestFitResponseEncoding="false" />
        <!--
            <hostingEnvironment
                shutdownTimeout = "30" [in Seconds][number]
                idleTimeout = "Infinite" [in Minutes][number]
                shadowCopyBinAssemblies = "true" [true|false]
                urlMetadataSlidingExpiration = "00:01:00" [HH:MM:SS]
            />
        -->
        <hostingEnvironment idleTimeout="Infinite" shutdownTimeout="30" shadowCopyBinAssemblies="true" urlMetadataSlidingExpiration="00:01:00" />
        <!--
            <httpCookies
                httpOnlyCookies = "false" [true|false]
                requireSSL = "false" [true|false]
                domain = "" [String]
            />
        -->
        <httpCookies httpOnlyCookies="false" requireSSL="false" domain="" />
        <!--
            <httpRuntime
                asyncPreloadMode = "None" [None | Form | FormMultiPart | AllFormTypes | NonForm | All]
                fcnMode = "NotSet" [NotSet | Default | Disabled | Single]
                executionTimeout = "110" [in Seconds][number]
                maxRequestLength = "4096" [number]
                requestLengthDiskThreshold = "80" [number]
                useFullyQualifiedRedirectUrl = "false" [true|false]
                minFreeThreads = "8" [number]
                minLocalRequestFreeThreads = "4" [number]
                appRequestQueueLimit = "5000" [number]
                enableKernelOutputCache = "true" [true|false]
                enableVersionHeader = "true" [true|false]
                apartmentThreading = "false" [true|false]
                requireRootedSaveAsPath = "true" [true|false]
                enable = "true" [true|false]
                targetFramework = "" [String]
                sendCacheControlHeader = "true" [true|false]
                defaultRegexMatchTimeout = "00:00:00" [HH:MM:SS]
                shutdownTimeout = "90" [in Seconds][number]
                delayNotificationTimeout = "0" [in Seconds][number]
                waitChangeNotification = "0" [number]
                maxWaitChangeNotification = "0" [number]
                enableHeaderChecking = "true" [true|false]
                encoderType = "System.Web.Util.HttpEncoder" [String]
                requestValidationMode = "4.0" [Version]
                requestValidationType = "System.Web.Util.RequestValidator" [String]
                requestPathInvalidCharacters = "<,>,*,%,&,:,\,?" [String]
                maxUrlLength = "260" [number]
                maxQueryStringLength = "2048" [number]
                relaxedUrlToFileSystemMapping = "false" [true|false]
                allowDynamicModuleRegistration = "true" [true|false]
            />
        -->
        <httpRuntime asyncPreloadMode="None" executionTimeout="110" maxRequestLength="4096" requestLengthDiskThreshold="80" useFullyQualifiedRedirectUrl="false" minFreeThreads="8" minLocalRequestFreeThreads="4" appRequestQueueLimit="5000" enableKernelOutputCache="true" enableVersionHeader="true" requireRootedSaveAsPath="true" enable="true" defaultRegexMatchTimeout="00:00:00" shutdownTimeout="90" delayNotificationTimeout="0" waitChangeNotification="0" maxWaitChangeNotification="0" enableHeaderChecking="true" sendCacheControlHeader="true" apartmentThreading="false" encoderType="System.Web.Util.HttpEncoder" requestValidationMode="4.0" requestValidationType="System.Web.Util.RequestValidator" requestPathInvalidCharacters="&lt;,&gt;,*,%,&amp;,:,\,?" maxUrlLength="260" maxQueryStringLength="2048" relaxedUrlToFileSystemMapping="false" allowDynamicModuleRegistration="true" fcnMode="NotSet" />
        <!--
            <identity
                impersonate = "false" [true|false]
                userName = "" [String]
                password = "" [String]
            />
        -->
        <identity impersonate="false" userName="" password="" />
        <!--
            <machineKey
                validationKey = "AutoGenerate,IsolateApps" [String]
                decryptionKey = "AutoGenerate,IsolateApps" [String]
                decryption = "Auto" [AUTO | DES | 3DES | AES]
                validation = "HMACSHA256" [MD5 | SHA1 | 3DES | AES | HMACSHA256 | HMACSHA384 | HMACSHA512 | alg:algorithm_name]
            />
        -->
        <machineKey validationKey="AutoGenerate,IsolateApps" decryptionKey="AutoGenerate,IsolateApps" validation="HMACSHA256" decryption="Auto" compatibilityMode="Framework20SP1" dataProtectorType="" applicationName="" />
        <!--
            <sessionPageState
                historySize = "9" [number]
            />
        -->
        <sessionPageState historySize="9" />
        <!--
            <sessionState
                mode = "InProc" [Off | InProc | StateServer | SQLServer | Custom]
                stateConnectionString = "tcpip=loopback:42424" [String]
                stateNetworkTimeout = "10" [in Seconds][number]
                sqlConnectionString = "data source=localhost;Integrated Security=SSPI" [String]
                sqlCommandTimeout = "30" [in Seconds][number]
                sqlConnectionRetryInterval = "0" [in Seconds][number]
                customProvider = "" [String]
                cookieless = "" [UseUri | UseCookies | AutoDetect | UseDeviceProfile]
                cookieName = "ASP.NET_SessionId" [String]
                timeout = "20" [in Minutes][number]
                allowCustomSqlDatabase = "false" [true|false]
                compressionEnabled = "false" [true|false]
                regenerateExpiredSessionId = "true" [true|false]
                partitionResolverType = "" [String]
                useHostingIdentity = "true" [true|false]
                sessionIDManagerType = "" [String]
                >
                <providers>
                    <add
                        name = "" [String, Required, Collection Key]
                        type = "" [String, Required]
                    />
                </providers>

            </sessionState>
        -->
        <sessionState mode="InProc" stateConnectionString="tcpip=loopback:42424" stateNetworkTimeout="10" sqlConnectionString="data source=localhost;Integrated Security=SSPI" sqlCommandTimeout="30" sqlConnectionRetryInterval="0" customProvider="" cookieless="UseCookies" cookieName="ASP.NET_SessionId" timeout="20" allowCustomSqlDatabase="false" compressionEnabled="false" regenerateExpiredSessionId="true" partitionResolverType="" useHostingIdentity="true" sessionIDManagerType="">
            <providers>
                <clear />
            </providers>
        </sessionState>
        <!--
            <trace
                enabled = "false" [true|false]
                mostRecent = "false" [true|false]
                localOnly = "true" [true|false]
                pageOutput = "false" [true|false]
                requestLimit = "10" [number]
                traceMode = "SortByTime" [SortByTime | SortByCategory]
                writeToDiagnosticsTrace = "false" [true|false]
            />
        -->
        <trace enabled="false" localOnly="true" mostRecent="false" pageOutput="false" requestLimit="10" traceMode="SortByTime" writeToDiagnosticsTrace="false" />
        <!--
            <webServices
                >
                <conformanceWarnings>
                    <add
                        name = "None" [None | BasicProfile1_1, Collection Key]
                    />
                </conformanceWarnings>

                <protocols>
                    <add
                        name = "Unknown" [Unknown | HttpSoap | HttpGet | HttpPost | Documentation | HttpPostLocalhost | HttpSoap12 | AnyHttpSoap, Collection Key]
                    />
                </protocols>

                <soapEnvelopeProcessing
                    readTimeout = "2147483647" [number]
                    strict = "false" [true|false]
                />
                <DiagnosticsElement
                    suppressReturningExceptions = "false" [true|false]
                />
                <serviceDescriptionFormatExtensionTypes>
                    <add
                        type = "" [Collection Key]
                    />
                </serviceDescriptionFormatExtensionTypes>

                <soapExtensionImporterTypes>
                    <add
                        type = "" [Collection Key]
                    />
                </soapExtensionImporterTypes>

                <soapExtensionReflectorTypes>
                    <add
                        type = "" [Collection Key]
                    />
                </soapExtensionReflectorTypes>

                <soapExtensionTypes>
                    <add
                        group = "Low" [High | Low, Collection Key]
                        priority = "0" [number, Collection Key]
                        type = "" [Collection Key]
                    />
                </soapExtensionTypes>

                <soapServerProtocolFactory
                    type = "" [Collection Key]
                />
                <soapTransportImporterTypes>
                    <add
                        type = "" [Collection Key]
                    />
                </soapTransportImporterTypes>

                <wsdlHelpGenerator
                    href = "" [String, Required]
                />
            </webServices>
        -->
        <webServices>
            <conformanceWarnings>
                <clear />
                <add name="BasicProfile1_1" />
            </conformanceWarnings>
            <protocols>
                <clear />
                <add name="HttpSoap12" />
                <add name="HttpSoap" />
                <add name="HttpPostLocalhost" />
                <add name="Documentation" />
            </protocols>
            <serviceDescriptionFormatExtensionTypes>
                <clear />
            </serviceDescriptionFormatExtensionTypes>
            <soapEnvelopeProcessing readTimeout="Infinite" strict="false" />
            <soapExtensionImporterTypes>
                <clear />
            </soapExtensionImporterTypes>
            <soapExtensionReflectorTypes>
                <clear />
            </soapExtensionReflectorTypes>
            <soapExtensionTypes>
                <clear />
            </soapExtensionTypes>
            <soapTransportImporterTypes>
                <clear />
            </soapTransportImporterTypes>
            <soapServerProtocolFactory type="System.Web.Services.Protocols.SoapServerProtocolFactory, System.Web.Services, Version=4.0.0.0, Culture=neutral, PublicKeyToken=b03f5f7f11d50a3a" />
            <diagnostics suppressReturningExceptions="false" />
        </webServices>
        <!--
            <xhtmlConformance
                mode = "Transitional" [Transitional | Legacy | Strict]
            />
        -->
        <xhtmlConformance mode="Transitional" />
        <!--
            <authorization
                >
                <allow
                    verbs = ""
                    users = ""
                    roles = ""
                />
                <deny
                    verbs = ""
                    users = ""
                    roles = ""
                />

            </authorization>
        -->
        <authorization>
            <allow users="*" />
        </authorization>
        <!--
            <browserCaps
            />
        -->
        <browserCaps userAgentCacheKeyLength="64">
            <result type="System.Web.Mobile.MobileCapabilities, System.Web.Mobile, Version=4.0.0.0, Culture=neutral, PublicKeyToken=b03f5f7f11d50a3a" />
        </browserCaps>
        <!--
            <clientTarget
                >
                <add
                    alias = "" [String, Required, Collection Key]
                    userAgent = "" [String, Required]
                />

            </clientTarget>
        -->
        <clientTarget>
            <clear />
            <add alias="uplevel" userAgent="Mozilla/5.0 (compatible; MSIE 6.0; Windows NT 5.1)" />
            <add alias="downlevel" userAgent="Generic Downlevel" />
        </clientTarget>
        <!--
            <compilation
                tempDirectory = "" [String]
                debug = "false" [true|false]
                strict = "false" [true|false]
                explicit = "true" [true|false]
                batch = "true" [true|false]
                optimizeCompilations = "false" [true|false]
                urlLinePragmas = "false" [true|false]
                batchTimeout = "900" [in Seconds][number]
                maxBatchSize = "1000" [number]
                maxBatchGeneratedFileSize = "1000" [number]
                numRecompilesBeforeAppRestart = "15" [number]
                defaultLanguage = "vb" [String]
                targetFramework = "" [String]
                assemblyPostProcessorType = "" [String]
                enablePrefetchOptimization = "false" [true|false]
                profileGuidedOptimizations = "All" [None | All]
                controlBuilderInterceptorType = "" [String]
                disableObsoleteWarnings = "true" [true|false]
                maxConcurrentCompilations = "1" [number]
                >
                <assemblies>
                    <add
                        assembly = "" [String, Required, Collection Key]
                    />
                </assemblies>

                <buildProviders>
                    <add
                        extension = "" [String, Required, Collection Key]
                        type = "" [String, Required]
                    />
                </buildProviders>

                <folderLevelBuildProviders>
                    <add
                        name = "" [String, Required, Collection Key]
                        type = "" [String, Required]
                    />
                </folderLevelBuildProviders>

                <expressionBuilders>
                    <add
                        expressionPrefix = "" [String, Required, Collection Key]
                        type = "" [String, Required]
                    />
                </expressionBuilders>

                <codeSubDirectories>
                    <add
                        directoryName = "" [String, Required, Collection Key]
                    />
                </codeSubDirectories>

            </compilation>
        -->
        <compilation tempDirectory="" debug="false" strict="false" explicit="true" batch="true" optimizeCompilations="false" batchTimeout="900" maxBatchSize="1000" maxBatchGeneratedFileSize="1000" numRecompilesBeforeAppRestart="15" defaultLanguage="vb" urlLinePragmas="false" assemblyPostProcessorType="" enablePrefetchOptimization="false" profileGuidedOptimizations="All" controlBuilderInterceptorType="" disableObsoleteWarnings="true" maxConcurrentCompilations="1">
            <assemblies>
                <clear />
                <add assembly="mscorlib" />
                <add assembly="Microsoft.CSharp, Version=4.0.0.0, Culture=neutral, PublicKeyToken=b03f5f7f11d50a3a" />
                <add assembly="System, Version=4.0.0.0, Culture=neutral, PublicKeyToken=b77a5c561934e089" />
                <add assembly="System.Configuration, Version=4.0.0.0, Culture=neutral, PublicKeyToken=b03f5f7f11d50a3a" />
                <add assembly="System.Web, Version=4.0.0.0, Culture=neutral, PublicKeyToken=b03f5f7f11d50a3a" />
                <add assembly="System.Data, Version=4.0.0.0, Culture=neutral, PublicKeyToken=b77a5c561934e089" />
                <add assembly="System.Web.Services, Version=4.0.0.0, Culture=neutral, PublicKeyToken=b03f5f7f11d50a3a" />
                <add assembly="System.Xml, Version=4.0.0.0, Culture=neutral, PublicKeyToken=b77a5c561934e089" />
                <add assembly="System.Drawing, Version=4.0.0.0, Culture=neutral, PublicKeyToken=b03f5f7f11d50a3a" />
                <add assembly="System.EnterpriseServices, Version=4.0.0.0, Culture=neutral, PublicKeyToken=b03f5f7f11d50a3a" />
                <add assembly="System.IdentityModel, Version=4.0.0.0, Culture=neutral, PublicKeyToken=b77a5c561934e089" />
                <add assembly="System.Runtime.Serialization, Version=4.0.0.0, Culture=neutral, PublicKeyToken=b77a5c561934e089" />
                <add assembly="System.ServiceModel, Version=4.0.0.0, Culture=neutral, PublicKeyToken=b77a5c561934e089" />
                <add assembly="System.ServiceModel.Activation, Version=4.0.0.0, Culture=neutral, PublicKeyToken=31bf3856ad364e35" />
                <add assembly="System.ServiceModel.Web, Version=4.0.0.0, Culture=neutral, PublicKeyToken=31bf3856ad364e35" />
                <add assembly="System.Activities, Version=4.0.0.0, Culture=neutral, PublicKeyToken=31bf3856ad364e35" />
                <add assembly="System.ServiceModel.Activities, Version=4.0.0.0, Culture=neutral, PublicKeyToken=31bf3856ad364e35" />
                <add assembly="System.WorkflowServices, Version=4.0.0.0, Culture=neutral, PublicKeyToken=31bf3856ad364e35" />
                <add assembly="System.Core, Version=4.0.0.0, Culture=neutral, PublicKeyToken=b77a5c561934e089" />
                <add assembly="System.Web.Extensions, Version=4.0.0.0, Culture=neutral, PublicKeyToken=31bf3856ad364e35" />
                <add assembly="System.Data.DataSetExtensions, Version=4.0.0.0, Culture=neutral, PublicKeyToken=b77a5c561934e089" />
                <add assembly="System.Xml.Linq, Version=4.0.0.0, Culture=neutral, PublicKeyToken=b77a5c561934e089" />
                <add assembly="System.ComponentModel.DataAnnotations, Version=4.0.0.0, Culture=neutral, PublicKeyToken=31bf3856ad364e35" />
                <add assembly="System.Web.DynamicData, Version=4.0.0.0, Culture=neutral, PublicKeyToken=31bf3856ad364e35" />
                <add assembly="System.Web.ApplicationServices, Version=4.0.0.0, Culture=neutral, PublicKeyToken=31bf3856ad364e35" />
                <add assembly="*" />
            </assemblies>
            <buildProviders>
                <clear />
                <add extension=".aspx" type="System.Web.Compilation.PageBuildProvider" />
                <add extension=".ascx" type="System.Web.Compilation.UserControlBuildProvider" />
                <add extension=".master" type="System.Web.Compilation.MasterPageBuildProvider" />
                <add extension=".asmx" type="System.Web.Compilation.WebServiceBuildProvider" />
                <add extension=".ashx" type="System.Web.Compilation.WebHandlerBuildProvider" />
                <add extension=".soap" type="System.Web.Compilation.WebServiceBuildProvider" />
                <add extension=".resx" type="System.Web.Compilation.ResXBuildProvider" />
                <add extension=".resources" type="System.Web.Compilation.ResourcesBuildProvider" />
                <add extension=".wsdl" type="System.Web.Compilation.WsdlBuildProvider" />
                <add extension=".xsd" type="System.Web.Compilation.XsdBuildProvider" />
                <add extension=".js" type="System.Web.Compilation.ForceCopyBuildProvider" />
                <add extension=".lic" type="System.Web.Compilation.IgnoreFileBuildProvider" />
                <add extension=".licx" type="System.Web.Compilation.IgnoreFileBuildProvider" />
                <add extension=".exclude" type="System.Web.Compilation.IgnoreFileBuildProvider" />
                <add extension=".refresh" type="System.Web.Compilation.IgnoreFileBuildProvider" />
                <add extension=".edmx" type="System.Data.Entity.Design.AspNet.EntityDesignerBuildProvider" />
                <add extension=".xoml" type="System.ServiceModel.Activation.WorkflowServiceBuildProvider, System.WorkflowServices, Version=4.0.0.0, Culture=neutral, PublicKeyToken=31bf3856ad364e35" />
                <add extension=".svc" type="System.ServiceModel.Activation.ServiceBuildProvider, System.ServiceModel.Activation, Version=4.0.0.0, Culture=neutral, PublicKeyToken=31bf3856ad364e35" />
                <add extension=".xamlx" type="System.Xaml.Hosting.XamlBuildProvider, System.Xaml.Hosting, Version=4.0.0.0, Culture=neutral, PublicKeyToken=31bf3856ad364e35" />
            </buildProviders>
            <folderLevelBuildProviders>
                <clear />
                <add name="DataServiceBuildProvider" type="System.Data.Services.BuildProvider.DataServiceBuildProvider, System.Data.Services.Design, Version=4.0.0.0, Culture=neutral, PublicKeyToken=b77a5c561934e089" />
            </folderLevelBuildProviders>
            <expressionBuilders>
                <clear />
                <add expressionPrefix="Resources" type="System.Web.Compilation.ResourceExpressionBuilder" />
                <add expressionPrefix="ConnectionStrings" type="System.Web.Compilation.ConnectionStringsExpressionBuilder" />
                <add expressionPrefix="AppSettings" type="System.Web.Compilation.AppSettingsExpressionBuilder" />
                <add expressionPrefix="RouteUrl" type="System.Web.Compilation.RouteUrlExpressionBuilder" />
                <add expressionPrefix="RouteValue" type="System.Web.Compilation.RouteValueExpressionBuilder" />
            </expressionBuilders>
        </compilation>
        <!--
            <healthMonitoring
                heartbeatInterval = "0" [in Seconds][number]
                enabled = "true" [true|false]
                >
                <bufferModes>
                    <add
                        name = "" [String, Required, Collection Key]
                        maxBufferSize = "2147483647" [number, Required]
                        maxFlushSize = "2147483647" [number, Required]
                        urgentFlushThreshold = "2147483647" [number, Required]
                        regularFlushInterval = "00:00:01" [HH:MM:SS, Required]
                        urgentFlushInterval = "00:00:00" [HH:MM:SS, Required]
                        maxBufferThreads = "1" [number]
                    />
                </bufferModes>

                <providers>
                    <add
                        name = "" [String, Required, Collection Key]
                        type = "" [String, Required]
                    />
                </providers>

                <profiles>
                    <add
                        name = "" [String, Required, Collection Key]
                        minInstances = "1" [number]
                        maxLimit = "2147483647" [number]
                        minInterval = "00:00:00" [HH:MM:SS]
                        custom = "" [String]
                    />
                </profiles>

                <rules>
                    <add
                        name = "" [String, Required, Collection Key]
                        eventName = "" [String, Required]
                        custom = "" [String]
                        profile = "" [String]
                        provider = "" [String]
                        minInstances = "1" [number]
                        maxLimit = "2147483647" [number]
                        minInterval = "00:00:00" [HH:MM:SS]
                    />
                </rules>

                <eventMappings>
                    <add
                        name = "" [String, Required, Collection Key]
                        type = "" [String, Required]
                        startEventCode = "0" [number]
                        endEventCode = "2147483647" [number]
                    />
                </eventMappings>

            </healthMonitoring>
        -->
        <healthMonitoring heartbeatInterval="0" enabled="true">
            <bufferModes>
                <clear />
                <add name="Critical Notification" maxBufferSize="100" maxFlushSize="20" urgentFlushThreshold="1" regularFlushInterval="Infinite" urgentFlushInterval="00:01:00" maxBufferThreads="1" />
                <add name="Notification" maxBufferSize="300" maxFlushSize="20" urgentFlushThreshold="1" regularFlushInterval="Infinite" urgentFlushInterval="00:01:00" maxBufferThreads="1" />
                <add name="Analysis" maxBufferSize="1000" maxFlushSize="100" urgentFlushThreshold="100" regularFlushInterval="00:05:00" urgentFlushInterval="00:01:00" maxBufferThreads="1" />
                <add name="Logging" maxBufferSize="1000" maxFlushSize="200" urgentFlushThreshold="800" regularFlushInterval="00:30:00" urgentFlushInterval="00:05:00" maxBufferThreads="1" />
            </bufferModes>
            <providers>
                <clear />
                <add name="EventLogProvider" type="System.Web.Management.EventLogWebEventProvider,System.Web,Version=4.0.0.0,Culture=neutral,PublicKeyToken=b03f5f7f11d50a3a" />
                <add connectionStringName="LocalSqlServer" maxEventDetailsLength="1073741823" buffer="false" bufferMode="Notification" name="SqlWebEventProvider" type="System.Web.Management.SqlWebEventProvider,System.Web,Version=4.0.0.0,Culture=neutral,PublicKeyToken=b03f5f7f11d50a3a" />
                <add name="WmiWebEventProvider" type="System.Web.Management.WmiWebEventProvider,System.Web,Version=4.0.0.0,Culture=neutral,PublicKeyToken=b03f5f7f11d50a3a" />
            </providers>
            <profiles>
                <clear />
                <add name="Default" minInstances="1" maxLimit="Infinite" minInterval="00:01:00" custom="" />
                <add name="Critical" minInstances="1" maxLimit="Infinite" minInterval="00:00:00" custom="" />
            </profiles>
            <rules>
                <clear />
                <add name="All Errors Default" eventName="All Errors" provider="EventLogProvider" profile="Default" minInstances="1" maxLimit="Infinite" minInterval="00:01:00" custom="" />
                <add name="Failure Audits Default" eventName="Failure Audits" provider="EventLogProvider" profile="Default" minInstances="1" maxLimit="Infinite" minInterval="00:01:00" custom="" />
            </rules>
            <eventMappings>
                <clear />
                <add name="All Events" type="System.Web.Management.WebBaseEvent,System.Web,Version=4.0.0.0,Culture=neutral,PublicKeyToken=b03f5f7f11d50a3a" startEventCode="0" endEventCode="2147483647" />
                <add name="Heartbeats" type="System.Web.Management.WebHeartbeatEvent,System.Web,Version=4.0.0.0,Culture=neutral,PublicKeyToken=b03f5f7f11d50a3a" startEventCode="0" endEventCode="2147483647" />
                <add name="Application Lifetime Events" type="System.Web.Management.WebApplicationLifetimeEvent,System.Web,Version=4.0.0.0,Culture=neutral,PublicKeyToken=b03f5f7f11d50a3a" startEventCode="0" endEventCode="2147483647" />
                <add name="Request Processing Events" type="System.Web.Management.WebRequestEvent,System.Web,Version=4.0.0.0,Culture=neutral,PublicKeyToken=b03f5f7f11d50a3a" startEventCode="0" endEventCode="2147483647" />
                <add name="All Errors" type="System.Web.Management.WebBaseErrorEvent,System.Web,Version=4.0.0.0,Culture=neutral,PublicKeyToken=b03f5f7f11d50a3a" startEventCode="0" endEventCode="2147483647" />
                <add name="Infrastructure Errors" type="System.Web.Management.WebErrorEvent,System.Web,Version=4.0.0.0,Culture=neutral,PublicKeyToken=b03f5f7f11d50a3a" startEventCode="0" endEventCode="2147483647" />
                <add name="Request Processing Errors" type="System.Web.Management.WebRequestErrorEvent,System.Web,Version=4.0.0.0,Culture=neutral,PublicKeyToken=b03f5f7f11d50a3a" startEventCode="0" endEventCode="2147483647" />
                <add name="All Audits" type="System.Web.Management.WebAuditEvent,System.Web,Version=4.0.0.0,Culture=neutral,PublicKeyToken=b03f5f7f11d50a3a" startEventCode="0" endEventCode="2147483647" />
                <add name="Failure Audits" type="System.Web.Management.WebFailureAuditEvent,System.Web,Version=4.0.0.0,Culture=neutral,PublicKeyToken=b03f5f7f11d50a3a" startEventCode="0" endEventCode="2147483647" />
                <add name="Success Audits" type="System.Web.Management.WebSuccessAuditEvent,System.Web,Version=4.0.0.0,Culture=neutral,PublicKeyToken=b03f5f7f11d50a3a" startEventCode="0" endEventCode="2147483647" />
            </eventMappings>
        </healthMonitoring>
        <!--
            <httpHandlers
                >
                <add
                    path = "" [String, Required, Collection Key]
                    verb = "" [String, Required, Collection Key]
                    type = "" [String, Required]
                    validate = "true" [true|false]
                />

            </httpHandlers>
        -->
        <httpHandlers>
            <clear />
            <add path="eurl.axd" verb="*" type="System.Web.HttpNotFoundHandler" validate="true" />
            <add path="trace.axd" verb="*" type="System.Web.Handlers.TraceHandler" validate="true" />
            <add path="WebResource.axd" verb="GET" type="System.Web.Handlers.AssemblyResourceLoader" validate="true" />
            <add path="*_AppService.axd" verb="*" type="System.Web.Script.Services.ScriptHandlerFactory, System.Web.Extensions, Version=4.0.0.0, Culture=neutral, PublicKeyToken=31bf3856ad364e35" validate="false" />
            <add path="ScriptResource.axd" verb="GET,HEAD" type="System.Web.Handlers.ScriptResourceHandler, System.Web.Extensions, Version=4.0.0.0, Culture=neutral, PublicKeyToken=31bf3856ad364e35" validate="false" />
            <add path="*.axd" verb="*" type="System.Web.HttpNotFoundHandler" validate="true" />
            <add path="*.aspx" verb="*" type="System.Web.UI.PageHandlerFactory" validate="true" />
            <add path="*.ashx" verb="*" type="System.Web.UI.SimpleHandlerFactory" validate="true" />
            <add path="*.asmx" verb="*" type="System.Web.Script.Services.ScriptHandlerFactory, System.Web.Extensions, Version=4.0.0.0, Culture=neutral, PublicKeyToken=31bf3856ad364e35" validate="false" />
            <add path="*.rem" verb="*" type="System.Runtime.Remoting.Channels.Http.HttpRemotingHandlerFactory, System.Runtime.Remoting, Version=4.0.0.0, Culture=neutral, PublicKeyToken=b77a5c561934e089" validate="false" />
            <add path="*.soap" verb="*" type="System.Runtime.Remoting.Channels.Http.HttpRemotingHandlerFactory, System.Runtime.Remoting, Version=4.0.0.0, Culture=neutral, PublicKeyToken=b77a5c561934e089" validate="false" />
            <add path="*.asax" verb="*" type="System.Web.HttpForbiddenHandler" validate="true" />
            <add path="*.ascx" verb="*" type="System.Web.HttpForbiddenHandler" validate="true" />
            <add path="*.master" verb="*" type="System.Web.HttpForbiddenHandler" validate="true" />
            <add path="*.skin" verb="*" type="System.Web.HttpForbiddenHandler" validate="true" />
            <add path="*.browser" verb="*" type="System.Web.HttpForbiddenHandler" validate="true" />
            <add path="*.sitemap" verb="*" type="System.Web.HttpForbiddenHandler" validate="true" />
            <add path="*.dll.config" verb="GET,HEAD" type="System.Web.StaticFileHandler" validate="true" />
            <add path="*.exe.config" verb="GET,HEAD" type="System.Web.StaticFileHandler" validate="true" />
            <add path="*.config" verb="*" type="System.Web.HttpForbiddenHandler" validate="true" />
            <add path="*.cs" verb="*" type="System.Web.HttpForbiddenHandler" validate="true" />
            <add path="*.csproj" verb="*" type="System.Web.HttpForbiddenHandler" validate="true" />
            <add path="*.vb" verb="*" type="System.Web.HttpForbiddenHandler" validate="true" />
            <add path="*.vbproj" verb="*" type="System.Web.HttpForbiddenHandler" validate="true" />
            <add path="*.webinfo" verb="*" type="System.Web.HttpForbiddenHandler" validate="true" />
            <add path="*.licx" verb="*" type="System.Web.HttpForbiddenHandler" validate="true" />
            <add path="*.resx" verb="*" type="System.Web.HttpForbiddenHandler" validate="true" />
            <add path="*.resources" verb="*" type="System.Web.HttpForbiddenHandler" validate="true" />
            <add path="*.mdb" verb="*" type="System.Web.HttpForbiddenHandler" validate="true" />
            <add path="*.vjsproj" verb="*" type="System.Web.HttpForbiddenHandler" validate="true" />
            <add path="*.java" verb="*" type="System.Web.HttpForbiddenHandler" validate="true" />
            <add path="*.jsl" verb="*" type="System.Web.HttpForbiddenHandler" validate="true" />
            <add path="*.ldb" verb="*" type="System.Web.HttpForbiddenHandler" validate="true" />
            <add path="*.ad" verb="*" type="System.Web.HttpForbiddenHandler" validate="true" />
            <add path="*.dd" verb="*" type="System.Web.HttpForbiddenHandler" validate="true" />
            <add path="*.ldd" verb="*" type="System.Web.HttpForbiddenHandler" validate="true" />
            <add path="*.sd" verb="*" type="System.Web.HttpForbiddenHandler" validate="true" />
            <add path="*.cd" verb="*" type="System.Web.HttpForbiddenHandler" validate="true" />
            <add path="*.adprototype" verb="*" type="System.Web.HttpForbiddenHandler" validate="true" />
            <add path="*.lddprototype" verb="*" type="System.Web.HttpForbiddenHandler" validate="true" />
            <add path="*.sdm" verb="*" type="System.Web.HttpForbiddenHandler" validate="true" />
            <add path="*.sdmDocument" verb="*" type="System.Web.HttpForbiddenHandler" validate="true" />
            <add path="*.mdf" verb="*" type="System.Web.HttpForbiddenHandler" validate="true" />
            <add path="*.ldf" verb="*" type="System.Web.HttpForbiddenHandler" validate="true" />
            <add path="*.exclude" verb="*" type="System.Web.HttpForbiddenHandler" validate="true" />
            <add path="*.refresh" verb="*" type="System.Web.HttpForbiddenHandler" validate="true" />
            <add path="*.svc" verb="*" type="System.ServiceModel.Activation.HttpHandler, System.ServiceModel.Activation, Version=4.0.0.0, Culture=neutral, PublicKeyToken=31bf3856ad364e35" validate="false" />
            <add path="*.rules" verb="*" type="System.Web.HttpForbiddenHandler" validate="true" />
            <add path="*.xoml" verb="*" type="System.ServiceModel.Activation.HttpHandler, System.ServiceModel.Activation, Version=4.0.0.0, Culture=neutral, PublicKeyToken=31bf3856ad364e35" validate="false" />
            <add path="*.xamlx" verb="*" type="System.Xaml.Hosting.XamlHttpHandlerFactory, System.Xaml.Hosting, Version=4.0.0.0, Culture=neutral, PublicKeyToken=31bf3856ad364e35" validate="false" />
            <add path="*.aspq" verb="*" type="System.Web.HttpForbiddenHandler" validate="true" />
            <add path="*.cshtm" verb="*" type="System.Web.HttpForbiddenHandler" validate="true" />
            <add path="*.cshtml" verb="*" type="System.Web.HttpForbiddenHandler" validate="true" />
            <add path="*.vbhtm" verb="*" type="System.Web.HttpForbiddenHandler" validate="true" />
            <add path="*.vbhtml" verb="*" type="System.Web.HttpForbiddenHandler" validate="true" />
            <add path="*" verb="GET,HEAD,POST" type="System.Web.DefaultHttpHandler" validate="true" />
            <add path="*" verb="*" type="System.Web.HttpMethodNotAllowedHandler" validate="true" />
        </httpHandlers>
        <!--
            <httpModules
                >
                <add
                    name = "" [String, Required, Collection Key]
                    type = "" [String, Required]
                />

            </httpModules>
        -->
        <httpModules>
            <clear />
            <add name="OutputCache" type="System.Web.Caching.OutputCacheModule" />
            <add name="Session" type="System.Web.SessionState.SessionStateModule" />
            <add name="WindowsAuthentication" type="System.Web.Security.WindowsAuthenticationModule" />
            <add name="FormsAuthentication" type="System.Web.Security.FormsAuthenticationModule" />
            <add name="PassportAuthentication" type="System.Web.Security.PassportAuthenticationModule" />
            <add name="RoleManager" type="System.Web.Security.RoleManagerModule" />
            <add name="UrlAuthorization" type="System.Web.Security.UrlAuthorizationModule" />
            <add name="FileAuthorization" type="System.Web.Security.FileAuthorizationModule" />
            <add name="AnonymousIdentification" type="System.Web.Security.AnonymousIdentificationModule" />
            <add name="Profile" type="System.Web.Profile.ProfileModule" />
            <add name="ErrorHandlerModule" type="System.Web.Mobile.ErrorHandlerModule, System.Web.Mobile, Version=4.0.0.0, Culture=neutral, PublicKeyToken=b03f5f7f11d50a3a" />
            <add name="ServiceModel" type="System.ServiceModel.Activation.HttpModule, System.ServiceModel.Activation, Version=4.0.0.0, Culture=neutral, PublicKeyToken=31bf3856ad364e35" />
            <add name="UrlRoutingModule-4.0" type="System.Web.Routing.UrlRoutingModule" />
            <add name="ScriptModule-4.0" type="System.Web.Handlers.ScriptModule, System.Web.Extensions, Version=4.0.0.0, Culture=neutral, PublicKeyToken=31bf3856ad364e35" />
        </httpModules>
        <!--
            <mobileControls
                sessionStateHistorySize = "6" [number]
                cookielessDataDictionaryType = "System.Web.Mobile.CookielessData"
                allowCustomAttributes = "false" [true|false]
                >
                <device
                <
                    name = "" [String, Required, Collection Key]
                    inheritsFrom = "" [String]
                    predicateClass = ""
                    predicateMethod = "" [String]
                    pageAdapter = ""
                    >
                    <control
                        name = "" [String, Required, Collection Key]
                        adapter = "" [Required]
                    />

                </>/>

            </mobileControls>
        -->
        <mobileControls sessionStateHistorySize="6" cookielessDataDictionaryType="System.Web.Mobile.CookielessData" allowCustomAttributes="false">
            <device name="XhtmlDeviceAdapters" predicateClass="System.Web.UI.MobileControls.Adapters.XhtmlAdapters.XhtmlPageAdapter" predicateMethod="DeviceQualifies" pageAdapter="System.Web.UI.MobileControls.Adapters.XhtmlAdapters.XhtmlPageAdapter">
                <control name="System.Web.UI.MobileControls.Panel" adapter="System.Web.UI.MobileControls.Adapters.XhtmlAdapters.XhtmlPanelAdapter" />
                <control name="System.Web.UI.MobileControls.Form" adapter="System.Web.UI.MobileControls.Adapters.XhtmlAdapters.XhtmlFormAdapter" />
                <control name="System.Web.UI.MobileControls.TextBox" adapter="System.Web.UI.MobileControls.Adapters.XhtmlAdapters.XhtmlTextBoxAdapter" />
                <control name="System.Web.UI.MobileControls.Label" adapter="System.Web.UI.MobileControls.Adapters.XhtmlAdapters.XhtmlLabelAdapter" />
                <control name="System.Web.UI.MobileControls.LiteralText" adapter="System.Web.UI.MobileControls.Adapters.XhtmlAdapters.XhtmlLiteralTextAdapter" />
                <control name="System.Web.UI.MobileControls.Link" adapter="System.Web.UI.MobileControls.Adapters.XhtmlAdapters.XhtmlLinkAdapter" />
                <control name="System.Web.UI.MobileControls.Command" adapter="System.Web.UI.MobileControls.Adapters.XhtmlAdapters.XhtmlCommandAdapter" />
                <control name="System.Web.UI.MobileControls.PhoneCall" adapter="System.Web.UI.MobileControls.Adapters.XhtmlAdapters.XhtmlPhoneCallAdapter" />
                <control name="System.Web.UI.MobileControls.List" adapter="System.Web.UI.MobileControls.Adapters.XhtmlAdapters.XhtmlListAdapter" />
                <control name="System.Web.UI.MobileControls.SelectionList" adapter="System.Web.UI.MobileControls.Adapters.XhtmlAdapters.XhtmlSelectionListAdapter" />
                <control name="System.Web.UI.MobileControls.ObjectList" adapter="System.Web.UI.MobileControls.Adapters.XhtmlAdapters.XhtmlObjectListAdapter" />
                <control name="System.Web.UI.MobileControls.Image" adapter="System.Web.UI.MobileControls.Adapters.XhtmlAdapters.XhtmlImageAdapter" />
                <control name="System.Web.UI.MobileControls.ValidationSummary" adapter="System.Web.UI.MobileControls.Adapters.XhtmlAdapters.XhtmlValidationSummaryAdapter" />
                <control name="System.Web.UI.MobileControls.Calendar" adapter="System.Web.UI.MobileControls.Adapters.XhtmlAdapters.XhtmlCalendarAdapter" />
                <control name="System.Web.UI.MobileControls.TextView" adapter="System.Web.UI.MobileControls.Adapters.XhtmlAdapters.XhtmlTextViewAdapter" />
                <control name="System.Web.UI.MobileControls.MobileControl" adapter="System.Web.UI.MobileControls.Adapters.XhtmlAdapters.XhtmlControlAdapter" />
                <control name="System.Web.UI.MobileControls.BaseValidator" adapter="System.Web.UI.MobileControls.Adapters.XhtmlAdapters.XhtmlValidatorAdapter" />
            </device>
            <device name="HtmlDeviceAdapters" predicateClass="System.Web.UI.MobileControls.Adapters.HtmlPageAdapter" predicateMethod="DeviceQualifies" pageAdapter="System.Web.UI.MobileControls.Adapters.HtmlPageAdapter">
                <control name="System.Web.UI.MobileControls.Panel" adapter="System.Web.UI.MobileControls.Adapters.HtmlPanelAdapter" />
                <control name="System.Web.UI.MobileControls.Form" adapter="System.Web.UI.MobileControls.Adapters.HtmlFormAdapter" />
                <control name="System.Web.UI.MobileControls.TextBox" adapter="System.Web.UI.MobileControls.Adapters.HtmlTextBoxAdapter" />
                <control name="System.Web.UI.MobileControls.Label" adapter="System.Web.UI.MobileControls.Adapters.HtmlLabelAdapter" />
                <control name="System.Web.UI.MobileControls.LiteralText" adapter="System.Web.UI.MobileControls.Adapters.HtmlLiteralTextAdapter" />
                <control name="System.Web.UI.MobileControls.Link" adapter="System.Web.UI.MobileControls.Adapters.HtmlLinkAdapter" />
                <control name="System.Web.UI.MobileControls.Command" adapter="System.Web.UI.MobileControls.Adapters.HtmlCommandAdapter" />
                <control name="System.Web.UI.MobileControls.PhoneCall" adapter="System.Web.UI.MobileControls.Adapters.HtmlPhoneCallAdapter" />
                <control name="System.Web.UI.MobileControls.List" adapter="System.Web.UI.MobileControls.Adapters.HtmlListAdapter" />
                <control name="System.Web.UI.MobileControls.SelectionList" adapter="System.Web.UI.MobileControls.Adapters.HtmlSelectionListAdapter" />
                <control name="System.Web.UI.MobileControls.ObjectList" adapter="System.Web.UI.MobileControls.Adapters.HtmlObjectListAdapter" />
                <control name="System.Web.UI.MobileControls.Image" adapter="System.Web.UI.MobileControls.Adapters.HtmlImageAdapter" />
                <control name="System.Web.UI.MobileControls.BaseValidator" adapter="System.Web.UI.MobileControls.Adapters.HtmlValidatorAdapter" />
                <control name="System.Web.UI.MobileControls.ValidationSummary" adapter="System.Web.UI.MobileControls.Adapters.HtmlValidationSummaryAdapter" />
                <control name="System.Web.UI.MobileControls.Calendar" adapter="System.Web.UI.MobileControls.Adapters.HtmlCalendarAdapter" />
                <control name="System.Web.UI.MobileControls.TextView" adapter="System.Web.UI.MobileControls.Adapters.HtmlTextViewAdapter" />
                <control name="System.Web.UI.MobileControls.MobileControl" adapter="System.Web.UI.MobileControls.Adapters.HtmlControlAdapter" />
            </device>
            <device name="UpWmlDeviceAdapters" inheritsFrom="WmlDeviceAdapters" predicateClass="System.Web.UI.MobileControls.Adapters.UpWmlPageAdapter" predicateMethod="DeviceQualifies" pageAdapter="System.Web.UI.MobileControls.Adapters.UpWmlPageAdapter" />
            <device name="WmlDeviceAdapters" predicateClass="System.Web.UI.MobileControls.Adapters.WmlPageAdapter" predicateMethod="DeviceQualifies" pageAdapter="System.Web.UI.MobileControls.Adapters.WmlPageAdapter">
                <control name="System.Web.UI.MobileControls.Panel" adapter="System.Web.UI.MobileControls.Adapters.WmlPanelAdapter" />
                <control name="System.Web.UI.MobileControls.Form" adapter="System.Web.UI.MobileControls.Adapters.WmlFormAdapter" />
                <control name="System.Web.UI.MobileControls.TextBox" adapter="System.Web.UI.MobileControls.Adapters.WmlTextBoxAdapter" />
                <control name="System.Web.UI.MobileControls.Label" adapter="System.Web.UI.MobileControls.Adapters.WmlLabelAdapter" />
                <control name="System.Web.UI.MobileControls.LiteralText" adapter="System.Web.UI.MobileControls.Adapters.WmlLiteralTextAdapter" />
                <control name="System.Web.UI.MobileControls.Link" adapter="System.Web.UI.MobileControls.Adapters.WmlLinkAdapter" />
                <control name="System.Web.UI.MobileControls.Command" adapter="System.Web.UI.MobileControls.Adapters.WmlCommandAdapter" />
                <control name="System.Web.UI.MobileControls.PhoneCall" adapter="System.Web.UI.MobileControls.Adapters.WmlPhoneCallAdapter" />
                <control name="System.Web.UI.MobileControls.List" adapter="System.Web.UI.MobileControls.Adapters.WmlListAdapter" />
                <control name="System.Web.UI.MobileControls.SelectionList" adapter="System.Web.UI.MobileControls.Adapters.WmlSelectionListAdapter" />
                <control name="System.Web.UI.MobileControls.ObjectList" adapter="System.Web.UI.MobileControls.Adapters.WmlObjectListAdapter" />
                <control name="System.Web.UI.MobileControls.Image" adapter="System.Web.UI.MobileControls.Adapters.WmlImageAdapter" />
                <control name="System.Web.UI.MobileControls.BaseValidator" adapter="System.Web.UI.MobileControls.Adapters.WmlValidatorAdapter" />
                <control name="System.Web.UI.MobileControls.ValidationSummary" adapter="System.Web.UI.MobileControls.Adapters.WmlValidationSummaryAdapter" />
                <control name="System.Web.UI.MobileControls.Calendar" adapter="System.Web.UI.MobileControls.Adapters.WmlCalendarAdapter" />
                <control name="System.Web.UI.MobileControls.TextView" adapter="System.Web.UI.MobileControls.Adapters.WmlTextViewAdapter" />
                <control name="System.Web.UI.MobileControls.MobileControl" adapter="System.Web.UI.MobileControls.Adapters.WmlControlAdapter" />
            </device>
            <device name="ChtmlDeviceAdapters" inheritsFrom="HtmlDeviceAdapters" predicateClass="System.Web.UI.MobileControls.Adapters.ChtmlPageAdapter" predicateMethod="DeviceQualifies" pageAdapter="System.Web.UI.MobileControls.Adapters.ChtmlPageAdapter">
                <control name="System.Web.UI.MobileControls.Form" adapter="System.Web.UI.MobileControls.Adapters.ChtmlFormAdapter" />
                <control name="System.Web.UI.MobileControls.Calendar" adapter="System.Web.UI.MobileControls.Adapters.ChtmlCalendarAdapter" />
                <control name="System.Web.UI.MobileControls.Image" adapter="System.Web.UI.MobileControls.Adapters.ChtmlImageAdapter" />
                <control name="System.Web.UI.MobileControls.TextBox" adapter="System.Web.UI.MobileControls.Adapters.ChtmlTextBoxAdapter" />
                <control name="System.Web.UI.MobileControls.SelectionList" adapter="System.Web.UI.MobileControls.Adapters.ChtmlSelectionListAdapter" />
                <control name="System.Web.UI.MobileControls.Command" adapter="System.Web.UI.MobileControls.Adapters.ChtmlCommandAdapter" />
                <control name="System.Web.UI.MobileControls.PhoneCall" adapter="System.Web.UI.MobileControls.Adapters.ChtmlPhoneCallAdapter" />
                <control name="System.Web.UI.MobileControls.Link" adapter="System.Web.UI.MobileControls.Adapters.ChtmlLinkAdapter" />
            </device>
        </mobileControls>
        <!--
            <pages
                buffer = "true" [true|false]
                enableSessionState = "true" [False | ReadOnly | True]
                enableViewState = "true" [true|false]
                enableViewStateMac = "true" [true|false]
                enableEventValidation = "true" [true|false]
                smartNavigation = "false" [true|false]
                autoEventWireup = "true" [true|false]
                maintainScrollPositionOnPostBack = "false" [true|false]
                pageBaseType = "System.Web.UI.Page" [String]
                userControlBaseType = "System.Web.UI.UserControl" [String]
                pageParserFilterType = "" [String]
                validateRequest = "true" [true|false]
                masterPageFile = "" [String]
                theme = "" [String]
                styleSheetTheme = "" [String]
                maxPageStateFieldLength = "-1" [number]
                compilationMode = "Always" [Auto | Never | Always]
                viewStateEncryptionMode = "Auto" [Auto | Always | Never]
                asyncTimeout = "45" [in Seconds][number]
                renderAllHiddenFieldsAtTopOfForm = "true" [true|false]
                clientIDMode = "Predictable" [Inherit | AutoID | Predictable | Static]
                controlRenderingCompatibilityVersion = "4.0" [Version]
                >
                <namespaces
                    autoImportVBNamespace = "true" [true|false]
                    >
                    <add
                        namespace = "" [String, Required, Collection Key]
                    />
                </namespaces>

                <controls>
                    <add
                        tagPrefix = "/" [String, Required]
                        tagName = "" [String]
                        namespace = "" [String]
                        assembly = "" [String]
                        src = "" [String]
                    />
                </controls>

                <tagMapping>
                    <add
                        mappedTagType = "" [String]
                        tagType = "" [String, Required, Collection Key]
                    />
                </tagMapping>

                <ignoreDeviceFilters>
                    <filter
                        name = "" [String, Required, Collection Key]
                    />
                </ignoreDeviceFilters>

            </pages>
        -->
        <pages buffer="true" controlRenderingCompatibilityVersion="4.0" enableSessionState="true" enableViewState="true" enableViewStateMac="true" enableEventValidation="true" smartNavigation="false" autoEventWireup="true" pageBaseType="System.Web.UI.Page" userControlBaseType="System.Web.UI.UserControl" validateRequest="true" masterPageFile="" theme="" styleSheetTheme="" maxPageStateFieldLength="-1" compilationMode="Always" pageParserFilterType="" viewStateEncryptionMode="Auto" maintainScrollPositionOnPostBack="false" asyncTimeout="45" renderAllHiddenFieldsAtTopOfForm="true" clientIDMode="Predictable">
            <namespaces autoImportVBNamespace="true">
                <clear />
                <add namespace="System" />
                <add namespace="System.Collections" />
                <add namespace="System.Collections.Generic" />
                <add namespace="System.Collections.Specialized" />
                <add namespace="System.ComponentModel.DataAnnotations" />
                <add namespace="System.Configuration" />
                <add namespace="System.Linq" />
                <add namespace="System.Text" />
                <add namespace="System.Text.RegularExpressions" />
                <add namespace="System.Web" />
                <add namespace="System.Web.Caching" />
                <add namespace="System.Web.DynamicData" />
                <add namespace="System.Web.SessionState" />
                <add namespace="System.Web.Security" />
                <add namespace="System.Web.Profile" />
                <add namespace="System.Web.UI" />
                <add namespace="System.Web.UI.WebControls" />
                <add namespace="System.Web.UI.WebControls.WebParts" />
                <add namespace="System.Web.UI.HtmlControls" />
                <add namespace="System.Xml.Linq" />
            </namespaces>
            <controls>
                <add tagPrefix="asp" tagName="" namespace="System.Web.UI.WebControls.WebParts" assembly="System.Web, Version=4.0.0.0, Culture=neutral, PublicKeyToken=b03f5f7f11d50a3a" src="" />
                <add tagPrefix="asp" tagName="" namespace="System.Web.UI" assembly="System.Web.Extensions, Version=4.0.0.0, Culture=neutral, PublicKeyToken=31bf3856ad364e35" src="" />
                <add tagPrefix="asp" tagName="" namespace="System.Web.UI.WebControls" assembly="System.Web.Extensions, Version=4.0.0.0, Culture=neutral, PublicKeyToken=31bf3856ad364e35" src="" />
                <add tagPrefix="asp" tagName="" namespace="System.Web.UI.WebControls.Expressions" assembly="System.Web.Extensions, Version=4.0.0.0, Culture=neutral, PublicKeyToken=31bf3856ad364e35" src="" />
                <add tagPrefix="asp" tagName="" namespace="System.Web.DynamicData" assembly="System.Web.DynamicData, Version=4.0.0.0, Culture=neutral, PublicKeyToken=31bf3856ad364e35" src="" />
                <add tagPrefix="asp" tagName="" namespace="System.Web.UI.WebControls" assembly="System.Web.Entity, Version=4.0.0.0, Culture=neutral, PublicKeyToken=b77a5c561934e089" src="" />
            </controls>
            <tagMapping>
                <clear />
            </tagMapping>
        </pages>
        <!--
            <protocols
                >
                <add
                    name = "" [String, Required, Collection Key]
                    processHandlerType = "" [String]
                    appDomainHandlerType = "" [String]
                    validate = "false" [true|false]
                />

            </protocols>
        -->
        <protocols>
            <clear />
            <add name="net.tcp" processHandlerType="System.ServiceModel.WasHosting.TcpProcessProtocolHandler, System.ServiceModel.WasHosting, Version=4.0.0.0, Culture=neutral, PublicKeyToken=b77a5c561934e089" appDomainHandlerType="System.ServiceModel.WasHosting.TcpAppDomainProtocolHandler, System.ServiceModel.WasHosting, Version=4.0.0.0, Culture=neutral, PublicKeyToken=b77a5c561934e089" validate="false" />
            <add name="net.pipe" processHandlerType="System.ServiceModel.WasHosting.NamedPipeProcessProtocolHandler, System.ServiceModel.WasHosting, Version=4.0.0.0, Culture=neutral, PublicKeyToken=b77a5c561934e089" appDomainHandlerType="System.ServiceModel.WasHosting.NamedPipeAppDomainProtocolHandler, System.ServiceModel.WasHosting, Version=4.0.0.0, Culture=neutral, PublicKeyToken=b77a5c561934e089" validate="false" />
            <add name="net.msmq" processHandlerType="System.ServiceModel.WasHosting.MsmqProcessProtocolHandler, System.ServiceModel.WasHosting, Version=4.0.0.0, Culture=neutral, PublicKeyToken=b77a5c561934e089" appDomainHandlerType="System.ServiceModel.WasHosting.MsmqAppDomainProtocolHandler, System.ServiceModel.WasHosting, Version=4.0.0.0, Culture=neutral, PublicKeyToken=b77a5c561934e089" validate="false" />
            <add name="msmq.formatname" processHandlerType="System.ServiceModel.WasHosting.MsmqIntegrationProcessProtocolHandler, System.ServiceModel.WasHosting, Version=4.0.0.0, Culture=neutral, PublicKeyToken=b77a5c561934e089" appDomainHandlerType="System.ServiceModel.WasHosting.MsmqIntegrationAppDomainProtocolHandler, System.ServiceModel.WasHosting, Version=4.0.0.0, Culture=neutral, PublicKeyToken=b77a5c561934e089" validate="false" />
        </protocols>
        <!--
            <siteMap
                defaultProvider = "AspNetXmlSiteMapProvider" [String]
                enabled = "true" [true|false]
                >
                <providers>
                    <add
                        name = "" [String, Required, Collection Key]
                        type = "" [String, Required]
                    />
                </providers>

            </siteMap>
        -->
        <siteMap defaultProvider="AspNetXmlSiteMapProvider" enabled="true">
            <providers>
                <clear />
                <add siteMapFile="web.sitemap" name="AspNetXmlSiteMapProvider" type="System.Web.XmlSiteMapProvider, System.Web, Version=4.0.0.0, Culture=neutral, PublicKeyToken=b03f5f7f11d50a3a" />
            </providers>
        </siteMap>
        <!--
            <urlMappings
                enabled = "true" [true|false]
                >
                <add
                    url = "" [String, Required, Collection Key]
                    mappedUrl = "" [String, Required]
                />

            </urlMappings>
        -->
        <urlMappings enabled="true">
            <clear />
        </urlMappings>
        <!--
            <webControls
                clientScriptsLocation = "/aspnet_client/{0}/{1}/" [String, Required]
            />
        -->
        <webControls clientScriptsLocation="/aspnet_client/{0}/{1}/" />
        <!--
            <webParts
                enableExport = "false" [true|false]
                >
                <personalization
                    defaultProvider = "AspNetSqlPersonalizationProvider" [String]
                    >
                    <providers>
                        <add
                            name = "" [String, Required, Collection Key]
                            type = "" [String, Required]
                        />
                    </providers>

                </personalization>
                <transformers>
                    <add
                        name = "" [String, Required, Collection Key]
                        type = "" [String, Required]
                    />
                </transformers>

            </webParts>
        -->
        <webParts enableExport="false">
            <personalization defaultProvider="AspNetSqlPersonalizationProvider">
                <providers>
                    <clear />
                    <add connectionStringName="LocalSqlServer" name="AspNetSqlPersonalizationProvider" type="System.Web.UI.WebControls.WebParts.SqlPersonalizationProvider, System.Web, Version=4.0.0.0, Culture=neutral, PublicKeyToken=b03f5f7f11d50a3a" />
                </providers>
                <authorization>
                    <deny verbs="enterSharedScope" users="*" />
                    <allow verbs="modifyState" users="*" />
                </authorization>
            </personalization>
            <transformers>
                <clear />
                <add name="RowToFieldTransformer" type="System.Web.UI.WebControls.WebParts.RowToFieldTransformer" />
                <add name="RowToParametersTransformer" type="System.Web.UI.WebControls.WebParts.RowToParametersTransformer" />
            </transformers>
        </webParts>
        <caching>
            <!--
                <cache
                    disableMemoryCollection = "false" [true|false]
                    disableExpiration = "false" [true|false]
                    privateBytesLimit = "0" [number]
                    percentagePhysicalMemoryUsedLimit = "0" [number]
                    privateBytesPollTime = "00:02:00" [HH:MM:SS]
                />
            -->
            <cache disableMemoryCollection="false" disableExpiration="false" privateBytesLimit="0" percentagePhysicalMemoryUsedLimit="0" privateBytesPollTime="00:02:00" />
            <!--
                <outputCache
                    enableOutputCache = "true" [true|false]
                    enableFragmentCache = "true" [true|false]
                    sendCacheControlHeader = "true" [true|false]
                    omitVaryStar = "false" [true|false]
                    enableKernelCacheForVaryByStar = "false" [true|false]
                    defaultProvider = "AspNetInternalProvider" [String]
                    >
                    <providers>
                        <add
                            name = "" [String, Required, Collection Key]
                            type = "" [String, Required]
                        />
                    </providers>

                </outputCache>
            -->
            <outputCache enableOutputCache="true" enableFragmentCache="true" sendCacheControlHeader="true" omitVaryStar="false" enableKernelCacheForVaryByStar="false" defaultProvider="AspNetInternalProvider">
                <providers>
                    <clear />
                </providers>
            </outputCache>
            <!--
                <outputCacheSettings
                    >
                    <outputCacheProfiles>
                        <add
                            name = "" [String, Required, Collection Key]
                            enabled = "true" [true|false]
                            duration = "-1" [number]
                            location = "" [Any | Client | Downstream | Server | None | ServerAndClient]
                            sqlDependency = "" [String]
                            varyByCustom = "" [String]
                            varyByControl = "" [String]
                            varyByContentEncoding = "" [String]
                            varyByHeader = "" [String]
                            varyByParam = "" [String]
                            noStore = "false" [true|false]
                        />
                    </outputCacheProfiles>

                </outputCacheSettings>
            -->
            <outputCacheSettings>
                <outputCacheProfiles>
                    <clear />
                </outputCacheProfiles>
            </outputCacheSettings>
            <!--
                <sqlCacheDependency
                    enabled = "true" [true|false]
                    pollTime = "60000" [number]
                    >
                    <databases>
                        <add
                            name = "" [String, Required, Collection Key]
                            connectionStringName = "" [String, Required]
                            pollTime = "60000" [number]
                        />
                    </databases>

                </sqlCacheDependency>
            -->
            <sqlCacheDependency enabled="true" pollTime="60000">
                <databases>
                    <clear />
                </databases>
            </sqlCacheDependency>
        </caching>
        <!--
            <securityPolicy
                >
                <trustLevel
                    name = "Full" [String, Required, Collection Key]
                    policyFile = "internal" [String, Required]
                />

            </securityPolicy>
        -->
        <securityPolicy>
            <trustLevel name="Full" policyFile="internal" />
            <trustLevel name="High" policyFile="web_hightrust.config" />
            <trustLevel name="Medium" policyFile="web_mediumtrust.config" />
            <trustLevel name="Low" policyFile="web_lowtrust.config" />
            <trustLevel name="Minimal" policyFile="web_minimaltrust.config" />
        </securityPolicy>
        <!--
            <trust
                level = "Full" [String, Required]
                originUrl = "" [String]
                processRequestInApplicationTrust = "true" [true|false]
            />
        -->
        <trust level="Full" originUrl="" processRequestInApplicationTrust="true" />
    </system.web>
</configuration>
